SVC_Type, Cross Validation Score, Training Score, Testing Score
RBF,0.537369273,0.540194175,0.543360083
Sigmoid,0.412763855,0.412427184,0.412762102
Linear,0.396671736,0.107517337,0.107947191
