SVC_Type, Cross Validation Score, Training Score, Testing Score
RBF,0.799251041,0.844851623,0.794144981
Sigmoid,0.807409666,0.807408883,0.795074349
Linear,0.687330143,0.807408883,0.795074349
